Sheng,Afya ni bora kuliko mali yote.
Sheng,Aki unajua mambo mengi sana.
Kiswahili,Akifanya kazi atafanikiwa.
Sheng,"Akili yako ni ya poa, itumie."
Sheng,Algorithm ya Instagram inanichekesha.
Sheng,Alibishana na boss wake mbele ya wote.
Sheng,"Alikula kitu kibaya, ana tumbo."
Sheng,"Alikula kitu kibaya, ana tumbo."
Sheng,Alikuwa online lakini hajajibu.
Sheng,Alimkatia mbele ya watu wote.
Sheng,Aliniambia anampenda lakini ana mwingine.
Sheng,"Alinichat usiku, nilifurahi sana."
Sheng,Alinidrop usiku baada ya show.
Sheng,Alinidrop vibaya mbele ya watu.
Sheng,Alinikatalia mbele ya marafiki.
Sheng,"Aliniomba nisaidie, nilifurahi."
Sheng,Alinipea number yake usiku.
Sheng,Alinishow jinsi ya kufanya biashara.
Sheng,Alipandishwa cheo mpya wiki hii.
Sheng,Alipiga freestyle mzuri stage.
Sheng,Alitoa siri ya mwenzake hadharani.
Sheng,Alituma snap ya poa sana.
Sheng,Aliunfollow mimi bila sababu.
Sheng,"Ameniomba loan tena, siezi."
Sheng,"Ameniomba loan tena, siezi."
Sheng,"Amenipigia simu, naomba itoke vizuri."
Luo,An chiemo chiemo oyot.
Luo,An chiemo chiemo oyot.
Luo,An chiemo chiemo oyot.
Luo,An chiemo chiemo oyot.
Luo,An chiemo chiemo oyot.
Luo,An chiemo chiemo oyot.
Luo,An chiemo chiemo oyot.
Luo,An chiemo chiemo oyot.
Luo,An chiemo chiemo oyot.
Luo,An chiemo chiemo oyot.
Luo,An chiemo chiemo oyot.
Luo,An chiemo chiemo oyot.
Luo,An chiemo chiemo oyot.
Luo,An chiemo chiemo oyot.
Luo,An chiemo chiemo oyot.
Luo,An chiemo chiemo oyot.
Luo,An chiemo chiemo oyot.
Luo,An chiemo chiemo oyot.
Luo,An chiemo chiemo oyot.
Luo,An chiemo chiemo oyot.
Luo,An chiemo chiemo oyot.
Luo,An chiemo chiemo oyot.
Luo,An chiemo chiemo oyot.
Luo,An chiemo chiemo oyot.
Luo,An chiemo chiemo oyot.
Luo,An chiemo chiemo oyot.
Luo,An chiemo chiemo oyot.
Luo,An chiemo chiemo oyot.
Luo,An chiemo chiemo oyot.
Luo,An chiemo chiemo oyot.
Luo,An chiemo chiemo oyot.
Luo,An chiemo chiemo oyot.
Luo,An chiemo chiemo oyot.
Luo,An chiemo chiemo oyot.
Luo,An chiemo chiemo oyot.
Luo,An chiemo chiemo oyot.
Luo,An chiemo chiemo oyot.
Luo,An chiemo chiemo oyot.
Luo,An chiemo chiemo oyot.
Luo,An chiemo chiemo oyot.
Luo,An chiemo chiemo oyot.
Luo,An chiemo chiemo oyot.
Luo,An chiemo chiemo oyot.
Luo,An chiemo chiemo oyot.
Luo,An chiemo chiemo oyot.
Luo,An chiemo chiemo oyot.
Luo,An chiemo chiemo oyot.
Luo,An chiemo chiemo oyot.
Luo,An chiemo chiemo oyot.
Luo,An chiemo chiemo oyot.
Luo,An chiemo chiemo oyot.
Luo,An chiemo chiemo oyot.
Luo,An chiemo chiemo oyot.
Luo,An chiemo chiemo oyot.
Luo,An chiemo chiemo oyot.
Luo,An chiemo chiemo oyot.
Luo,An chiemo chiemo oyot.
Luo,An chiemo chiemo oyot.
Luo,An chiemo chiemo oyot.
Luo,An chiemo chiemo oyot.
Luo,An chiemo chiemo oyot.
Luo,An chiemo chiemo oyot.
Luo,An chiemo chiemo oyot.
Luo,An chiemo chiemo oyot.
Luo,An chiemo chiemo oyot.
Luo,An chiemo chiemo oyot.
Luo,An chiemo chiemo oyot.
Luo,An chiemo chiemo oyot.
Luo,An chiemo chiemo oyot.
Luo,An chiemo chiemo oyot.
Luo,An chiemo chiemo oyot.
Luo,An chiemo chiemo oyot.
Luo,An chiemo chiemo oyot.
Luo,An chiemo chiemo oyot.
Luo,An chiemo chiemo oyot.
Kiswahili,Anaandika barua.
Kiswahili,Anaandika barua.
Kiswahili,Anaandika barua.
Kiswahili,Anaandika barua.
Kiswahili,Anaandika barua.
Kiswahili,Anaandika barua.
Kiswahili,Anaandika barua.
Kiswahili,Anaandika barua.
Kiswahili,Anaandika barua.
Kiswahili,Anaandika hadithi nzuri.
Kiswahili,Anaandika insha darasani.
Kiswahili,Anaandika kazi.
Kiswahili,Anaandika shuleni.
Kiswahili,Anaangalia filamu.
Kiswahili,Anaangalia habari.
Kiswahili,Anacheza mpira.
Kiswahili,Anacheza mpira.
Kiswahili,Anacheza mpira.
Kiswahili,Anacheza mpira.
Kiswahili,Anacheza mpira.
Kiswahili,Anacheza mpira.
Kiswahili,Anacheza mpira.
Kiswahili,Anaenda kanisani Jumapili.
Kiswahili,Anaenda shuleni kila siku.
Kiswahili,Anaendesha gari lake.
Kiswahili,Anafanya kazi.
Kiswahili,Anafanya mazoezi kila siku.
Kiswahili,Anafua nguo zake.
Kiswahili,Anafua nguo.
Kiswahili,Anafuga kuku nyumbani.
Kiswahili,Anaimba wimbo.
Kiswahili,Anaimba wimbo.
Kiswahili,Anaimba wimbo.
Kiswahili,Anaimba wimbo.
Kiswahili,Anaimba wimbo.
Kiswahili,Anaimba wimbo.
Kiswahili,Anaimba wimbo.
Kiswahili,Anakimbia mbio.
Kiswahili,Anakimbia mbio.
Kiswahili,Anakimbia mbio.
Kiswahili,Anakimbia mbio.
Kiswahili,Anakimbia mbio.
Kiswahili,Anakimbia mbio.
Kiswahili,Anakimbia mbio.
Kiswahili,Anakula chakula.
Kiswahili,Anakula chakula.
Kiswahili,Anakula chakula.
Kiswahili,Anakula chakula.
Kiswahili,Anakula chakula.
Kiswahili,Anakula chakula.
Kiswahili,Anakula chakula.
Kiswahili,Anakunywa maji.
Kiswahili,Anakunywa maji.
Kiswahili,Anakunywa maji.
Kiswahili,Anakunywa maji.
Kiswahili,Anakunywa maji.
Kiswahili,Anakunywa maji.
Kiswahili,Anakunywa maji.
Kiswahili,Anaosha gari.
Kiswahili,Anaosha vyombo jikoni.
Kiswahili,Anaosha vyombo.
Kiswahili,Anaosha vyombo.
Kiswahili,Anaosha vyombo.
Kiswahili,Anaosha vyombo.
Kiswahili,Anaosha vyombo.
Kiswahili,Anaosha vyombo.
Kiswahili,Anaosha vyombo.
Kiswahili,Anapanda miti shambani.
Kiswahili,Anapenda kusoma vitabu.
Kiswahili,Anapika wali.
Kiswahili,Anapika wali.
Kiswahili,Anapika wali.
Kiswahili,Anapika wali.
Kiswahili,Anapika wali.
Kiswahili,Anapika wali.
Kiswahili,Anapika wali.
Kiswahili,Anasoma kitabu.
Kiswahili,Anasoma kitabu.
Kiswahili,Anasoma kitabu.
Kiswahili,Anasoma kitabu.
Kiswahili,Anasoma kitabu.
Kiswahili,Anasoma kitabu.
Kiswahili,Anasoma kitabu.
Kiswahili,Anatembea njiani.
Kiswahili,Anatembea njiani.
Kiswahili,Anatembea njiani.
Kiswahili,Anatembea njiani.
Kiswahili,Anatembea njiani.
Kiswahili,Anatembea njiani.
Kiswahili,Anatembea njiani.
Sheng,Aniambie ukweli wa hii hali.
Sheng,Asante kwa kila kitu ulichofanya.
Sheng,Asante Mungu kwa siku hii nzuri.
Sheng,"Asante tena, mambo ni sawa."
Sheng,"Baadaye buda, nilikuwa poa."
Kiswahili,Baba anafanya kazi ofisini.
Sheng,"Bado uko hai, bado kuna matumaini."
Sheng,Barabara ya nyumba imejengwa vizuri.
Sheng,Baraka za Mungu zinanifunika sana.
Sheng,Baridi ya usiku inanisumbua sana.
Sheng,"Base yake ni poa sana, tufike."
Sheng,"Base yake ni poa sana, tufike."
Sheng,Benki iliniambia kukamilisha maombi.
Sheng,Biashara inakua polepole lakini vizuri.
Sheng,Biashara ndogo ndogo ndiyo zinavuma.
Sheng,Biashara yangu inaenda vizuri sana.
Sheng,Buda alinisaidia fare nilifika.
Sheng,Buda wangu ni wa real kabisa.
Sheng,Buda yangu aliniambia ukweli mzuri.
Sheng,Buda yangu amefika kutoka mbali.
Sheng,Buda yangu ni mtu wa trust.
Sheng,Buda yule haniamini bila sababu.
Sheng,"Buda, hiyo ni ukweli wa moja kwa moja."
Sheng,"Bye chief, mambo ni mazuri."
Sheng,Chakula cha nyumbani ni the best.
Sheng,Chakula cha nyumbani ni the best.
Sheng,Charger yangu imepotea tena.
Sheng,"Cheki hapa, ninapiga jeki leo."
Sheng,Cheki hii kitu kidogo nikusaidie.
Sheng,Cheki hii trick niliifunza leo.
Sheng,Cheki jinsi anavyocheza ball.
Luo,Chuo yudo pesa chuth.
Luo,Chuo yudo pesa chuth.
Luo,Chuo yudo pesa chuth.
Luo,Chuo yudo pesa chuth.
Luo,Chuo yudo pesa chuth.
Luo,Chuo yudo pesa chuth.
Luo,Chuo yudo pesa chuth.
Luo,Chuo yudo pesa chuth.
Luo,Chuo yudo pesa chuth.
Luo,Chuo yudo pesa chuth.
Luo,Chuo yudo pesa chuth.
Luo,Chuo yudo pesa chuth.
Luo,Chuo yudo pesa chuth.
Luo,Chuo yudo pesa chuth.
Luo,Chuo yudo pesa chuth.
Luo,Chuo yudo pesa chuth.
Luo,Chuo yudo pesa chuth.
Luo,Chuo yudo pesa chuth.
Luo,Chuo yudo pesa chuth.
Luo,Chuo yudo pesa chuth.
Luo,Chuo yudo pesa chuth.
Luo,Chuo yudo pesa chuth.
Luo,Chuo yudo pesa chuth.
Luo,Chuo yudo pesa chuth.
Luo,Chuo yudo pesa chuth.
Luo,Chuo yudo pesa chuth.
Luo,Chuo yudo pesa chuth.
Luo,Chuo yudo pesa chuth.
Luo,Chuo yudo pesa chuth.
Luo,Chuo yudo pesa chuth.
Luo,Chuo yudo pesa chuth.
Luo,Chuo yudo pesa chuth.
Luo,Chuo yudo pesa chuth.
Luo,Chuo yudo pesa chuth.
Luo,Chuo yudo pesa chuth.
Luo,Chuo yudo pesa chuth.
Luo,Chuo yudo pesa chuth.
Luo,Chuo yudo pesa chuth.
Luo,Chuo yudo pesa chuth.
Luo,Chuo yudo pesa chuth.
Luo,Chuo yudo pesa chuth.
Luo,Chuo yudo pesa chuth.
Luo,Chuo yudo pesa chuth.
Luo,Chuo yudo pesa chuth.
Luo,Chuo yudo pesa chuth.
Luo,Chuo yudo pesa chuth.
Luo,Chuo yudo pesa chuth.
Luo,Chuo yudo pesa chuth.
Luo,Chuo yudo pesa chuth.
Luo,Chuo yudo pesa chuth.
Luo,Chuo yudo pesa chuth.
Luo,Chuo yudo pesa chuth.
Luo,Chuo yudo pesa chuth.
Luo,Chuo yudo pesa chuth.
Luo,Chuo yudo pesa chuth.
Luo,Chuo yudo pesa chuth.
Luo,Chuo yudo pesa chuth.
Luo,Chuo yudo pesa chuth.
Luo,Chuo yudo pesa chuth.
Luo,Chuo yudo pesa chuth.
Luo,Chuo yudo pesa chuth.
Luo,Chuo yudo pesa chuth.
Luo,Chuo yudo pesa chuth.
Luo,Chuo yudo pesa chuth.
Luo,Chuo yudo pesa chuth.
Luo,Chuo yudo pesa chuth.
Luo,Chuo yudo pesa chuth.
Luo,Chuo yudo pesa chuth.
Luo,Chuo yudo pesa chuth.
Luo,Chuo yudo pesa chuth.
Luo,Chuo yudo pesa chuth.
Luo,Chuo yudo pesa chuth.
Luo,Chuo yudo pesa chuth.
Luo,Chuo yudo pesa chuth.
Luo,Chuo yudo pesa chuth.
Sheng,Conductor alinisumbua sana leo.
Sheng,Crew yake imefanya kazi vizuri.
Sheng,Daktari alisema ninywe maji mengi.
Sheng,Dame yake ni wa poa sana.
Sheng,Darasa letu ni la fun sana.
Sheng,"Darasa limeanza, nakimbia haraka."
Sheng,"Data yangu imeisha, nipe WiFi."
Sheng,Dawa mpya inanifanya ninzuri zaidi.
Sheng,Dawa ya daktari inanisaidia vizuri.
Sheng,Deal ya leo ilikuwa ya moto.
Luo,Dhako keto yie moromo.
Luo,Dhako keto yie moromo.
Luo,Dhako keto yie moromo.
Luo,Dhako keto yie moromo.
Luo,Dhako keto yie moromo.
Luo,Dhako keto yie moromo.
Luo,Dhako keto yie moromo.
Luo,Dhako keto yie moromo.
Luo,Dhako keto yie moromo.
Luo,Dhako keto yie moromo.
Luo,Dhako keto yie moromo.
Luo,Dhako keto yie moromo.
Luo,Dhako keto yie moromo.
Luo,Dhako keto yie moromo.
Luo,Dhako keto yie moromo.
Luo,Dhako keto yie moromo.
Luo,Dhako keto yie moromo.
Luo,Dhako keto yie moromo.
Luo,Dhako keto yie moromo.
Luo,Dhako keto yie moromo.
Luo,Dhako keto yie moromo.
Luo,Dhako keto yie moromo.
Luo,Dhako keto yie moromo.
Luo,Dhako keto yie moromo.
Luo,Dhako keto yie moromo.
Luo,Dhako keto yie moromo.
Luo,Dhako keto yie moromo.
Luo,Dhako keto yie moromo.
Luo,Dhako keto yie moromo.
Luo,Dhako keto yie moromo.
Luo,Dhako keto yie moromo.
Luo,Dhako keto yie moromo.
Luo,Dhako keto yie moromo.
Luo,Dhako keto yie moromo.
Luo,Dhako keto yie moromo.
Luo,Dhako keto yie moromo.
Luo,Dhako keto yie moromo.
Luo,Dhako keto yie moromo.
Luo,Dhako keto yie moromo.
Luo,Dhako keto yie moromo.
Luo,Dhako keto yie moromo.
Luo,Dhako keto yie moromo.
Luo,Dhako keto yie moromo.
Luo,Dhako keto yie moromo.
Luo,Dhako keto yie moromo.
Luo,Dhako keto yie moromo.
Luo,Dhako keto yie moromo.
Luo,Dhako keto yie moromo.
Luo,Dhako keto yie moromo.
Luo,Dhako keto yie moromo.
Luo,Dhako keto yie moromo.
Luo,Dhako keto yie moromo.
Luo,Dhako keto yie moromo.
Luo,Dhako keto yie moromo.
Luo,Dhako keto yie moromo.
Luo,Dhako keto yie moromo.
Luo,Dhako keto yie moromo.
Luo,Dhako keto yie moromo.
Luo,Dhako keto yie moromo.
Luo,Dhako keto yie moromo.
Luo,Dhako keto yie moromo.
Luo,Dhako keto yie moromo.
Luo,Dhako keto yie moromo.
Luo,Dhako keto yie moromo.
Luo,Dhako keto yie moromo.
Luo,Dhako keto yie moromo.
Luo,Dhako keto yie moromo.
Luo,Dhako keto yie moromo.
Luo,Dhako keto yie moromo.
Luo,Dhako keto yie moromo.
Luo,Dhako keto yie moromo.
Luo,Dhako keto yie moromo.
Luo,Dhako keto yie moromo.
Luo,Dhako keto yie moromo.
Luo,Dhako keto yie moromo.
Sheng,DJ alicheza set ya moto sana.
Sheng,DJ alitupa afrobeats za kuchomeka.
Sheng,Doh imekimbia kabla sijajua.
Sheng,Doh imekimbia kabla sijajua.
Sheng,Drama ya jana ilikuwa kubwa sana.
Sheng,Drama yao imenifurahisha kidogo tu.
Sheng,Drawing zangu zinaendelea vizuri.
Sheng,Duka la mama wa jirani lina bei nzuri.
Sheng,Elimu ndiyo ufunguo wa mafanikio.
Sheng,"Endelea kusonga mbele, utafanikiwa."
Sheng,"Exam iko kesho, nimechoka kusoma."
Sheng,"Exam imeniua, sijui kama nitapita."
Sheng,Faida ya mwezi huu ni nzuri.
Sheng,Familia yangu hainielevi vizuri.
Sheng,Familia yao ina drama nyingi.
Sheng,"Fare imepanda tena, watu wanalalamika."
Sheng,Fare ya town ni ngapi leo?
Sheng,Fika hapo club saa sita.
Sheng,Fika hapo club saa sita.
Sheng,"Gari imejaa, subiri nyingine bro."
Sheng,"Gari imepigwa, alikuwa na bahati."
Sheng,Gari la police ilipita mtaani.
Sheng,Genge letu lilishika dance floor.
Sheng,Genge letu linajuana vizuri sana.
Sheng,Genge letu litakuwa kubwa siku moja.
Luo,Gin wuotho puodho maber.
Luo,Gin wuotho puodho maber.
Luo,Gin wuotho puodho maber.
Luo,Gin wuotho puodho maber.
Luo,Gin wuotho puodho maber.
Luo,Gin wuotho puodho maber.
Luo,Gin wuotho puodho maber.
Luo,Gin wuotho puodho maber.
Luo,Gin wuotho puodho maber.
Luo,Gin wuotho puodho maber.
Luo,Gin wuotho puodho maber.
Luo,Gin wuotho puodho maber.
Luo,Gin wuotho puodho maber.
Luo,Gin wuotho puodho maber.
Luo,Gin wuotho puodho maber.
Luo,Gin wuotho puodho maber.
Luo,Gin wuotho puodho maber.
Luo,Gin wuotho puodho maber.
Luo,Gin wuotho puodho maber.
Luo,Gin wuotho puodho maber.
Luo,Gin wuotho puodho maber.
Luo,Gin wuotho puodho maber.
Luo,Gin wuotho puodho maber.
Luo,Gin wuotho puodho maber.
Luo,Gin wuotho puodho maber.
Luo,Gin wuotho puodho maber.
Luo,Gin wuotho puodho maber.
Luo,Gin wuotho puodho maber.
Luo,Gin wuotho puodho maber.
Luo,Gin wuotho puodho maber.
Luo,Gin wuotho puodho maber.
Luo,Gin wuotho puodho maber.
Luo,Gin wuotho puodho maber.
Luo,Gin wuotho puodho maber.
Luo,Gin wuotho puodho maber.
Luo,Gin wuotho puodho maber.
Luo,Gin wuotho puodho maber.
Luo,Gin wuotho puodho maber.
Luo,Gin wuotho puodho maber.
Luo,Gin wuotho puodho maber.
Luo,Gin wuotho puodho maber.
Luo,Gin wuotho puodho maber.
Luo,Gin wuotho puodho maber.
Luo,Gin wuotho puodho maber.
Luo,Gin wuotho puodho maber.
Luo,Gin wuotho puodho maber.
Luo,Gin wuotho puodho maber.
Luo,Gin wuotho puodho maber.
Luo,Gin wuotho puodho maber.
Luo,Gin wuotho puodho maber.
Luo,Gin wuotho puodho maber.
Luo,Gin wuotho puodho maber.
Luo,Gin wuotho puodho maber.
Luo,Gin wuotho puodho maber.
Luo,Gin wuotho puodho maber.
Luo,Gin wuotho puodho maber.
Luo,Gin wuotho puodho maber.
Luo,Gin wuotho puodho maber.
Luo,Gin wuotho puodho maber.
Luo,Gin wuotho puodho maber.
Luo,Gin wuotho puodho maber.
Luo,Gin wuotho puodho maber.
Luo,Gin wuotho puodho maber.
Luo,Gin wuotho puodho maber.
Luo,Gin wuotho puodho maber.
Luo,Gin wuotho puodho maber.
Luo,Gin wuotho puodho maber.
Luo,Gin wuotho puodho maber.
Luo,Gin wuotho puodho maber.
Luo,Gin wuotho puodho maber.
Luo,Gin wuotho puodho maber.
Luo,Gin wuotho puodho maber.
Luo,Gin wuotho puodho maber.
Luo,Gin wuotho puodho maber.
Luo,Gin wuotho puodho maber.
Sheng,"Goal yangu ni kubwa, nitafika."
Sheng,Habari hii ni ya kweli kabisa.
Sheng,Habari mbaya husafiri haraka sana.
Sheng,Habari zake zimeenea mtaani wote.
Sheng,Haikuwa rahisi lakini tulifanikisha.
Sheng,Hakuna kitu kisichowezekana kwa Mungu.
Sheng,Hakuna mtu anayenisikiliza hapa.
Sheng,Hapo kona kuna watu wanaosha gari.
Sheng,Hapo mtaani kuna chakula poa sana.
Sheng,Hapo mtaani kuna chakula poa sana.
Sheng,Hapo nyumba mpya imejengwa haraka.
Sheng,Hapo stage kuna vibanda vya chips.
Sheng,"Hatimaye umefika, nilikuwa na wasiwasi."
Sheng,Hatua ndogo ndogo zinafika mbali.
Sheng,"Hatujafanya assignment, tutapigwa."
Sheng,"Haujambo bro, niko poa sana."
Sheng,"Haujambo bro, niko poa sana."
Sheng,"Haujambo dude, umekula?"
Sheng,"Haujambo dude, umekula?"
English,He build a break happily.
English,He build a break sadly.
English,He build a letter badly.
English,He build a solution gracefully.
English,He build football easily.
English,He build football quickly.
English,He build television sadly.
English,He build the food gracefully.
English,He build the food quietly.
English,He eat a break gracefully.
English,He eat a house slowly.
English,He eat a plan quietly.
English,He eat a solution loudly.
English,He eat television loudly.
English,He find a book sadly.
English,He find a book slowly.
English,He find a house happily.
English,He find a plan quickly.
English,He find football loudly.
English,He find the food quickly.
English,He like a break happily.
English,He like a house sadly.
English,He like television sadly.
English,He like the food badly.
English,He like the food quickly.
English,He make a book happily.
English,He make a movie carefully.
English,He make a solution quickly.
English,He make a solution slowly.
English,He make television carefully.
English,He make television quickly.
English,He play a book happily.
English,He play a break happily.
English,He play a house gracefully.
English,He play a house quickly.
English,He play a plan quickly.
English,He play a plan quietly.
English,He play a solution happily.
English,He play television carefully.
English,He play television sadly.
English,He play television slowly.
English,He see a break quickly.
English,He see a house quickly.
English,He see a house slowly.
English,He see a movie happily.
English,He see television slowly.
English,He see the food easily.
English,He take a break easily.
English,He take a solution badly.
English,He take a solution easily.
English,He take a solution quietly.
English,He take football quickly.
English,He take football slowly.
English,He watch a house badly.
English,He watch a movie easily.
English,He watch a movie quietly.
English,He watch a solution happily.
English,He watch a solution sadly.
English,He write a house quickly.
English,He write a plan easily.
English,He write television slowly.
English,He write the food gracefully.
Sheng,Hewa ya Nairobi inachafuka sana.
Sheng,Hii chapati ni ya poa kabisa.
Sheng,Hii chapati ni ya poa kabisa.
Sheng,Hii lifestyle inafaa sana kweli.
Sheng,Hii mambo inanichekesha sana kweli.
Sheng,"Hii mji imeniua, sina utulivu."
Sheng,Hii place ni ya poa sana.
Sheng,Hii shida imenikaa muda mrefu.
Sheng,Hii situation imenifanya nikae chini.
Sheng,Hiking ni activity nzuri sana.
Sheng,Hizi mandazi za hapo zinapendeza sana.
Sheng,Hizi mandazi za hapo zinapendeza sana.
Sheng,Hizo chips funga zilikuwa za moto.
Sheng,Hizo chips funga zilikuwa za moto.
Sheng,Hobby yangu ya cooking inafurahi sana.
Sheng,Hospitali ilikuwa na watu wengi.
Sheng,Hustle yake inafanya vizuri sana.
Sheng,Huyo boss wake ni mkali sana.
Sheng,Huyo mtu ananijua vizuri sana.
English,I build a book easily.
English,I build a movie easily.
English,I build a plan badly.
English,I eat a house badly.
English,I eat a letter loudly.
English,I eat a solution sadly.
English,I eat the food happily.
English,I find a break quickly.
English,I find a house badly.
English,I find a solution loudly.
English,I find television happily.
English,I find television quietly.
English,I find television slowly.
English,I like a book badly.
English,I like a house badly.
English,I like the food badly.
English,I like the food badly.
English,I make a book carefully.
English,I make a book sadly.
English,I make a solution easily.
English,I make the food slowly.
English,I play a book carefully.
English,I play a book quickly.
English,I play a break quietly.
English,I play a house quietly.
English,I play a plan loudly.
English,I play a solution carefully.
English,I play television easily.
English,I play television gracefully.
English,I see a book badly.
English,I see a book loudly.
English,I see a house quietly.
English,I see a letter loudly.
English,I see a plan loudly.
English,I see a solution loudly.
English,I see football badly.
English,I see television badly.
English,I see the food sadly.
English,I take a book carefully.
English,I take a movie slowly.
English,I take a plan slowly.
English,I take the food sadly.
English,I take the food slowly.
English,I watch a book happily.
English,I watch a break happily.
English,I watch a house sadly.
English,I watch football easily.
English,I watch television happily.
English,I watch television happily.
English,I write the food quickly.
Sheng,Imani yangu inanipatia nguvu.
Luo,In ndiko buk mos.
Luo,In ndiko buk mos.
Luo,In ndiko buk mos.
Luo,In ndiko buk mos.
Luo,In ndiko buk mos.
Luo,In ndiko buk mos.
Luo,In ndiko buk mos.
Luo,In ndiko buk mos.
Luo,In ndiko buk mos.
Luo,In ndiko buk mos.
Luo,In ndiko buk mos.
Luo,In ndiko buk mos.
Luo,In ndiko buk mos.
Luo,In ndiko buk mos.
Luo,In ndiko buk mos.
Luo,In ndiko buk mos.
Luo,In ndiko buk mos.
Luo,In ndiko buk mos.
Luo,In ndiko buk mos.
Luo,In ndiko buk mos.
Luo,In ndiko buk mos.
Luo,In ndiko buk mos.
Luo,In ndiko buk mos.
Luo,In ndiko buk mos.
Luo,In ndiko buk mos.
Luo,In ndiko buk mos.
Luo,In ndiko buk mos.
Luo,In ndiko buk mos.
Luo,In ndiko buk mos.
Luo,In ndiko buk mos.
Luo,In ndiko buk mos.
Luo,In ndiko buk mos.
Luo,In ndiko buk mos.
Luo,In ndiko buk mos.
Luo,In ndiko buk mos.
Luo,In ndiko buk mos.
Luo,In ndiko buk mos.
Luo,In ndiko buk mos.
Luo,In ndiko buk mos.
Luo,In ndiko buk mos.
Luo,In ndiko buk mos.
Luo,In ndiko buk mos.
Luo,In ndiko buk mos.
Luo,In ndiko buk mos.
Luo,In ndiko buk mos.
Luo,In ndiko buk mos.
Luo,In ndiko buk mos.
Luo,In ndiko buk mos.
Luo,In ndiko buk mos.
Luo,In ndiko buk mos.
Luo,In ndiko buk mos.
Luo,In ndiko buk mos.
Luo,In ndiko buk mos.
Luo,In ndiko buk mos.
Luo,In ndiko buk mos.
Luo,In ndiko buk mos.
Luo,In ndiko buk mos.
Luo,In ndiko buk mos.
Luo,In ndiko buk mos.
Luo,In ndiko buk mos.
Luo,In ndiko buk mos.
Luo,In ndiko buk mos.
Luo,In ndiko buk mos.
Luo,In ndiko buk mos.
Luo,In ndiko buk mos.
Luo,In ndiko buk mos.
Luo,In ndiko buk mos.
Luo,In ndiko buk mos.
Luo,In ndiko buk mos.
Luo,In ndiko buk mos.
Luo,In ndiko buk mos.
Luo,In ndiko buk mos.
Luo,In ndiko buk mos.
Luo,In ndiko buk mos.
Luo,In ndiko buk mos.
Sheng,Inabidi nikubali mambo yalivyo.
Sheng,Itakuwa vizuri tukuwe pamoja tena.
Sheng,"Jaribu tena, mara hii utafanikiwa."
Sheng,"Jiamini, unaweza kufanikiwa."
Sheng,"Jirani aliniomba sukari, nimempa."
Sheng,Jirani yetu amehama alikwenda wapi?
Sheng,"Jua limechomeka, niko ndani tu."
Kiswahili,Jua linawaka sana.
Sheng,Jua linaweza kuchomeka baada ya mvua.
Sheng,Juhudi zangu zitatoa matunda mazuri.
Sheng,Kama una shida niambie tu.
Sheng,"Kausha mkoba wako, una mzigo."
Sheng,"Kausha mkoba wako, una mzigo."
Sheng,"Kazi imenilipa leo, niko na mkoba."
Sheng,"Kazi imenilipa leo, niko na mkoba."
Sheng,Kazi ngumu italeta matunda mazuri.
Sheng,Kazi ya contractor ni ya hatari.
Sheng,Kazi yangu inachosha lakini inanilipa.
Sheng,Kenya inakua kila siku zaidi.
Sheng,Kesho ni siku mpya ya mwanzo mpya.
Sheng,Kesho tutaenda chips funga place mpya.
Sheng,Kesho tutaenda chips funga place mpya.
Sheng,Kesho ya Kenya itakuwa nzuri zaidi.
Sheng,Kijiji chetu kinaendelea vizuri sana.
Sheng,Kila kitu kinaenda wrong kwangu.
Sheng,Kila kitu ninachofanya ni kwa familia.
Sheng,Kila kizuizi ni somo la kujifunza.
Sheng,Kila mtu ana haki ya kusema.
Sheng,Kila mtu ana opinion yake yangu.
Sheng,Kila mtu ana safari yake maishani.
Sheng,Kila mtu ana siri yake ndogo.
Sheng,Kila mtu wetu ana role yake.
Sheng,Kila siku ni chance mpya ya kujaribu.
Sheng,"Kila siku ni vita, nimechoka."
Sheng,Kila siku ninaona watu wapya mtaa.
Sheng,Kuja hapa tuongee kitu kidogo.
Sheng,"Kuja haraka, mat iko tayari."
Sheng,Kuku wa hapo stage ni poa.
Sheng,Kuku wa hapo stage ni poa.
Sheng,Kupumzika vizuri ni muhimu sana.
Sheng,Leo hewa ni safi sana nje.
Sheng,Leo jua ni kali sana nje.
Sheng,Leo ni siku ya kusherehekea.
Sheng,Leo nilifanya kitu kikubwa kabisa.
Sheng,"Leo nitashoot town, unataka kuja?"
Sheng,"Leo nitashoot town, unataka kuja?"
Sheng,Life inakuchosha unajua ukweli huo.
Sheng,"Maisha yanabadilika, subiri wakati wako."
Sheng,Maisha yangu yatakuwa mazuri sana.
Sheng,"Mama alipika pilau, nilifurahi sana."
Sheng,"Mama alipika pilau, nilifurahi sana."
Sheng,Mama amepika kitu kipoa leo nyumbani.
Sheng,Mama amepika kitu kipoa leo nyumbani.
Kiswahili,Mama anapika chakula kitamu jikoni.
Kiswahili,Mama anapika chakula.
Sheng,"Mambo chief, unaendaje?"
Sheng,"Mambo chief, unaendaje?"
Sheng,"Mambo mtu wangu, unapiga nini?"
Sheng,"Mambo mtu wangu, unapiga nini?"
Sheng,"Mambo vipi bro, uko sawa?"
Sheng,"Mambo vipi bro, uko sawa?"
Sheng,Mambo ya leo yanafurahisha sana.
Sheng,Mambo ya usiku ni mazuri zaidi.
Sheng,Mambo ya watu usiyaingilii bure.
Sheng,Mambo yanakuja vizuri polepole.
Sheng,Maombi yanafanya kazi kweli kweli.
Sheng,Mat ilichelewa sana asubuhi.
Sheng,Maumivu ya mguu yamenisumbua sana.
Sheng,Mazoezi ya asubuhi yanafaa sana.
Sheng,Mazoezi yanafanya mwili kuwa fresh.
Kiswahili,Mbwa anakimbia haraka.
Sheng,"Mkoba wake ni mzuri, ana vitu."
Sheng,"Mkoba wake ni mzuri, ana vitu."
Sheng,Mkubwa alitupa waraka leo.
Sheng,Mpenzi wangu ameniambia ukweli.
Sheng,Msee huyu ni wa real kabisa.
Sheng,Msemaji hawajui ukweli kamili.
Sheng,Mtaa wetu ni wa furaha sana.
Sheng,Mtaani kwetu kuna mambo mengi.
Sheng,Mtaani kwetu ni salama sana usiku.
Sheng,Mteja wetu mpya amekubali bei.
Kiswahili,Mtoto mdogo analia.
Sheng,"Mtu huyu ni fake, achana naye."
Sheng,Mtu yule anaimba vizuri sana.
Sheng,Mungu ana baraka nyingi kwangu.
Sheng,Mungu ana mpango mzuri kwako.
Sheng,Mungu ananisaidia kila saa saa.
Sheng,Mungu atanisaidia kufanikiwa maishani.
Sheng,Muziki wa leo ni bora sana.
Sheng,"Mvua ilinyesha usiku, barabara zimejaa."
Sheng,"Mvua inakuja, chukua mwavuli."
Kiswahili,Mvua inanyesha leo
Sheng,Mvua ya leo ilisababisha mafuriko.
Sheng,Mwaka huu lengo ni kubwa sana.
Sheng,Mwaka huu nahitaji passes zangu.
Sheng,Mwaka ujao nitaenda nje ya nchi.
Sheng,Mwalimu alituacha kazi nyingi sana.
Sheng,Mwalimu huyu ni mkali sana shule.
English,My friend build a plan quickly.
English,My friend build television sadly.
English,My friend eat football easily.
English,My friend eat television badly.
English,My friend eat television easily.
English,My friend find a house loudly.
English,My friend find a plan quietly.
English,My friend find a solution easily.
English,My friend find football badly.
English,My friend find the food slowly.
English,My friend like a letter quietly.
English,My friend like football sadly.
English,My friend like television sadly.
English,My friend like the food badly.
English,My friend like the food easily.
English,My friend make a solution easily.
English,My friend play a letter easily.
English,My friend play a letter sadly.
English,My friend play football loudly.
English,My friend play television gracefully.
English,My friend see a book sadly.
English,My friend see a solution badly.
English,My friend see football loudly.
English,My friend take a break badly.
English,My friend take a house carefully.
English,My friend take football quietly.
English,My friend watch a book gracefully.
English,My friend watch a plan easily.
English,My friend watch a plan sadly.
English,My friend watch football badly.
English,My friend watch television gracefully.
English,My friend watch television loudly.
English,My friend watch the food quickly.
English,My friend write a book sadly.
English,My friend write a letter easily.
English,My friend write a letter sadly.
English,My friend write a solution quietly.
English,My friend write football easily.
Sheng,Mzee wa mtaa anajua kila kitu.
Sheng,Mzigo wake ni mzito sana kweli.
Sheng,Mziki mpya wa Kenya unakucheza.
Sheng,Naambia buda hiyo chipsi ilikuwa poa.
Sheng,Naambia buda hiyo chipsi ilikuwa poa.
Sheng,"Naenda home saa hii, baadaye."
Sheng,Naenda kusafiri nchini siku moja.
Sheng,Naenda kuwatch match ya leo usiku.
Sheng,"Naenda, baadaye tuongee zaidi."
Sheng,"Nakushukuru, utakuwa sawa."
Sheng,"Nampenda sana, hatuwezi kuachana."
Sheng,Naomba mungu anisaidie kila wakati.
Sheng,Naomba niangalie series mpya leo.
Sheng,Naomba siku njema kila asubuhi.
Sheng,Naomba wakati mzuri na wewe.
Sheng,Nataka kujenga nyumba ya mama yangu.
Sheng,Nataka mafanikio ya kweli maishani.
Sheng,Ndoto zangu ni kubwa sana.
Sheng,Ndoto zangu zitafanikiwa muda wake.
Sheng,Nguvu zako ni kubwa kuliko unavyodhani.
Sheng,"Niaje buda, umekaa sawa?"
Sheng,"Niaje buda, umekaa sawa?"
Sheng,"Niaje chief, tumekaa form leo."
Sheng,"Niaje demu, uko na style."
Sheng,"Niaje manze, tumekaa form."
Sheng,"Niaje manze, tumekaa form."
Sheng,"Niaje msee, uko poa?"
Sheng,"Niaje msee, uko poa?"
Sheng,"Niaje mtu, sawa kabisa."
Sheng,"Niaje mtu, sawa kabisa."
Sheng,"Niaje mtu, una kitu cha kusema?"
Sheng,"Niaje wewe, tuko wapi saa hii?"
Sheng,"Niaje wewe, tuko wapi saa hii?"
Sheng,Niambie kwa ufupi mambo yaliyotokea.
Sheng,Niambie ukiwa tayari twende.
Sheng,Niambie ukiwa tayari twende.
Sheng,Niende nikiwa na furaha.
Sheng,Nifanye check-up mara kwa mara.
Sheng,"Nikae hapa kidogo tu, nitaenda."
Kiswahili,Nikipata muda nitasoma.
Sheng,"Niko broke kabisa, usiniambie hiyo."
Sheng,"Niko broke kabisa, usiniambie hiyo."
Sheng,"Niko employed, mungu asifiwe."
Sheng,"Niko fit sasa, gym imefanya kazi."
Sheng,"Niko hungry sana, tuende tule."
Sheng,"Niko hungry sana, tuende tule."
Sheng,"Niko juu, mambo ni mazuri."
Sheng,"Niko na dame, hatuwezi kuja."
Sheng,"Niko na dame, hatuwezi kuja."
Sheng,"Niko na deadline kesho, nachoka."
Sheng,"Niko na feelings, sijui niseme nini."
Sheng,Niko na hamu ya kufanya kitu kipya.
Sheng,Niko na hobby ya kupika chakula.
Sheng,"Niko na ka-doh, tuweze kula."
Sheng,"Niko na ka-doh, tuweze kula."
Sheng,"Niko na ka-kitu, tuende chipsi."
Sheng,"Niko na ka-kitu, tuende chipsi."
Sheng,"Niko na kazi mpya, nimeanza wiki."
Sheng,"Niko na kitu kidogo, siko na pesa sana."
Sheng,"Niko na kitu kidogo, siko na pesa sana."
Sheng,Niko na maumivu ya kichwa leo.
Sheng,Niko na meetings nyingi asubuhi.
Sheng,Niko na plan mzuri sana.
Sheng,Niko na plan ya tushoot CBD.
Sheng,Niko na plan ya tushoot CBD.
Sheng,Niko plan tutaenda beach kesho.
Sheng,Niko plan tutaenda beach kesho.
Sheng,"Niko single, sijali sana bado."
Sheng,Nikule kitu kidogo nienjoy usiku.
Sheng,Nikule kitu kidogo nienjoy usiku.
Sheng,Nilicheza chess na mzee jana.
Sheng,Nilicheza game mpya leo usiku.
Sheng,Nilienda gym na buda jana.
Sheng,Nilienda kanisa Jumapili kwa nguvu.
Sheng,Nilifanya kitu kipya cha kufurahisha.
Sheng,"Nilifanya kosa, ninaomba msamaha."
Sheng,Nilifanya update ya phone yangu.
Sheng,Nilifika canteen nikakuta imefungwa.
Sheng,Nilifika canteen nikakuta imefungwa.
Sheng,Nilifuata account yake tangu jana.
Sheng,Nilifuata barabara peke yangu.
Sheng,Niliingia bodaboda nikaenda haraka.
Sheng,Niliingia interview nikawacha wao.
Sheng,Nilikimbia kukimbia mat nilikosa.
Sheng,Nilikimbia nikapanda last mat.
Sheng,Nilikula vibaya usiku wa jana.
Sheng,Nilikula vibaya usiku wa jana.
Sheng,Nilikuwa mgonjwa wiki iliyopita.
Sheng,Nilikuwa na mawazo mengi usiku.
Sheng,Nilikuwa nasoma mpaka usiku wa manane.
Sheng,Nilikuwa natafuta kitu tangu jana.
Sheng,Nilikuwa nikisubiri muda mrefu sana.
Sheng,Nilikwenda kliniki jana asubuhi.
Sheng,Niliona kitu mpya leo mjini.
Sheng,"Nilipitisha mtihani kidogo tu, niko sawa."
Sheng,Nilipost kitu watu wameshare sana.
Sheng,Nilisoma kitabu kipya hii wiki.
Sheng,"Nilisoma usiku wote, niko ngangari."
Sheng,Nilitembelea concert ya mtu wangu.
Sheng,Niliwatch series mpya mpaka asubuhi.
Sheng,Niliweka status yangu ya mpya leo.
Sheng,"Nimeachwa kazi, niko job hunting."
Sheng,Nimeandika business plan yangu mpya.
Sheng,Nimeandika notes zangu sawa sawa.
Sheng,"Nimeanza gym, mwili unaanza forma."
Sheng,Nimeanza kula mboga zaidi kwa afya.
Sheng,Nimechoka na excuses za watu.
Sheng,Nimechoka na mambo ya hapa.
Sheng,Nimeenda na gari ya ndugu.
Sheng,Nimefanya uamuzi wa kubadilisha kila kitu.
Sheng,Nimefungua akaunti ya biashara mpya.
Sheng,Nimefurahi kukuona leo hapa.
Sheng,"Nimejaribu kila kitu, haifanyi kazi."
Sheng,Nimejaribu sana lakini mambo hayabadiliki.
Sheng,Nimejifunza kitu kipya leo.
Sheng,"Nimekaa chini, niko chill saa hii."
Sheng,Nimekuwa na stress nyingi sana.
Sheng,Nimekuwa nikifanya mazoezi ya akili.
Sheng,Nimekuwa nikila healthy zaidi sasa.
Sheng,Nimemiss dame yangu sana hii wiki.
Sheng,Nimemiss familia yangu sana sana.
Sheng,"Nimeomba interview, nasubiri jibu."
Sheng,Nimeona kitu kipya kwenye mtandao.
Sheng,"Nimepata side hustle, inaniingizia ka-pesa."
Sheng,"Nimepata side hustle, inaniingizia ka-pesa."
Sheng,"Nimepumzika vizuri, niko sawa sasa."
Sheng,Nimesema ukweli bado hawaamini.
Sheng,Nimeshangaa jinsi mambo yalivyotokea.
Sheng,Nimesikia kitu kinachonishangaza.
Sheng,Nimesoma book nzuri sana hii wiki.
Sheng,Nimewashukuru wote walionisc.
Sheng,"Nimeweka selfie mpya, likes zinaongezeka."
Kiswahili,Ninaamka asubuhi mapema.
Kiswahili,Ninaandika barua.
Kiswahili,Ninaandika barua.
Kiswahili,Ninaandika barua.
Kiswahili,Ninaandika barua.
Kiswahili,Ninaandika barua.
Kiswahili,Ninaandika barua.
Kiswahili,Ninaandika barua.
Kiswahili,Ninacheza mpira.
Kiswahili,Ninacheza mpira.
Kiswahili,Ninacheza mpira.
Kiswahili,Ninacheza mpira.
Kiswahili,Ninacheza mpira.
Kiswahili,Ninacheza mpira.
Kiswahili,Ninacheza mpira.
Kiswahili,Ninaimba wimbo.
Kiswahili,Ninaimba wimbo.
Kiswahili,Ninaimba wimbo.
Kiswahili,Ninaimba wimbo.
Kiswahili,Ninaimba wimbo.
Kiswahili,Ninaimba wimbo.
Kiswahili,Ninaimba wimbo.
Kiswahili,Ninakimbia mbio.
Kiswahili,Ninakimbia mbio.
Kiswahili,Ninakimbia mbio.
Kiswahili,Ninakimbia mbio.
Kiswahili,Ninakimbia mbio.
Kiswahili,Ninakimbia mbio.
Kiswahili,Ninakimbia mbio.
Kiswahili,Ninakula chakula.
Kiswahili,Ninakula chakula.
Kiswahili,Ninakula chakula.
Kiswahili,Ninakula chakula.
Kiswahili,Ninakula chakula.
Kiswahili,Ninakula chakula.
Kiswahili,Ninakula chakula.
Kiswahili,Ninakunywa maji.
Kiswahili,Ninakunywa maji.
Kiswahili,Ninakunywa maji.
Kiswahili,Ninakunywa maji.
Kiswahili,Ninakunywa maji.
Kiswahili,Ninakunywa maji.
Kiswahili,Ninakunywa maji.
Sheng,Ninakupenda kwa sababu wewe ni wewe.
Kiswahili,Ninalala kitandani.
Kiswahili,Ninalala mapema usiku.
Kiswahili,Ninaleta kuni nyumbani.
Kiswahili,Ninaleta maji nyumbani.
Kiswahili,Ninaleta maji.
Kiswahili,Ninalima bustani yangu.
Kiswahili,Ninalima mahindi shambani.
Kiswahili,Ninalima viazi.
Kiswahili,Ninanunua chakula sokoni.
Sheng,Ninaomba kila asubuhi nikiamka.
Sheng,Ninaomba utanisaidia siku nyingine.
Kiswahili,Ninaosha vyombo.
Kiswahili,Ninaosha vyombo.
Kiswahili,Ninaosha vyombo.
Kiswahili,Ninaosha vyombo.
Kiswahili,Ninaosha vyombo.
Kiswahili,Ninaosha vyombo.
Kiswahili,Ninaosha vyombo.
Sheng,Ninapenda jinsi unavyofanya kazi.
Sheng,Ninapenda kucheza ball na marafiki.
Sheng,Ninapenda kusikiliza bongo flava.
Sheng,Ninapenda mazingira ya asili sana.
Sheng,Ninapenda sana hali ya hapa.
Kiswahili,Ninapika wali.
Kiswahili,Ninapika wali.
Kiswahili,Ninapika wali.
Kiswahili,Ninapika wali.
Kiswahili,Ninapika wali.
Kiswahili,Ninapika wali.
Kiswahili,Ninapika wali.
Kiswahili,Ninasafisha chumba.
Kiswahili,Ninasafisha nyumba yangu.
Kiswahili,Ninasikiliza muziki.
Kiswahili,Ninasikiliza mwalimu kwa makini.
Kiswahili,Ninasikiliza redio.
Kiswahili,Ninasoma darasani.
Kiswahili,Ninasoma gazeti.
Kiswahili,Ninasoma hadithi.
Kiswahili,Ninasoma hesabu kila siku.
Kiswahili,Ninasoma Kiswahili kwa bidii.
Kiswahili,Ninasoma kitabu changu.
Kiswahili,Ninasoma kitabu kila jioni.
Kiswahili,Ninasoma kitabu.
Kiswahili,Ninasoma kitabu.
Kiswahili,Ninasoma kitabu.
Kiswahili,Ninasoma kitabu.
Kiswahili,Ninasoma kitabu.
Kiswahili,Ninasoma kitabu.
Kiswahili,Ninasoma kitabu.
Kiswahili,Ninasoma magazeti.
Kiswahili,Ninatembea njiani.
Kiswahili,Ninatembea njiani.
Kiswahili,Ninatembea njiani.
Kiswahili,Ninatembea njiani.
Kiswahili,Ninatembea njiani.
Kiswahili,Ninatembea njiani.
Kiswahili,Ninatembea njiani.
Sheng,Nisaidie kubeba mzigo huu kidogo.
Sheng,Nisaidie kuelewa hii situation.
Sheng,Nitadownload hiyo app leo usiku.
Sheng,Nitaendelea kuomba bila kusimama.
Sheng,Nitafanikiwa bila kujali wanaosema.
Sheng,Nitafanya kila kitu kwa nguvu zangu.
Sheng,Nitafika concert ya mwisho wa mwezi.
Sheng,Nitakuambia kitu kwa siri kidogo.
Sheng,"Nitakupigia baadaye, niko busy."
Sheng,Nitakupigia check baadaye usiku.
Sheng,Nitakutext ukifika nyumbani.
Sheng,Nitakuwa hapa kama ukihitaji.
Sheng,Nitapanda mat moja niende home.
Sheng,Nitarudi kesho asubuhi mapema.
Sheng,"Nitarudi, subiri kidogo tu."
Sheng,Nitasaidia familia yangu siku moja.
Sheng,Nitashinda hata kama inachukua muda.
Sheng,Nitaweka fare mbao nyingine ya nyumbani.
Sheng,Notes zangu ziko kwa rafiki yangu.
Sheng,Ntafanya vizuri kwa sababu ya mama.
Luo,Nyathi bedo tich rach.
Luo,Nyathi bedo tich rach.
Luo,Nyathi bedo tich rach.
Luo,Nyathi bedo tich rach.
Luo,Nyathi bedo tich rach.
Luo,Nyathi bedo tich rach.
Luo,Nyathi bedo tich rach.
Luo,Nyathi bedo tich rach.
Luo,Nyathi bedo tich rach.
Luo,Nyathi bedo tich rach.
Luo,Nyathi bedo tich rach.
Luo,Nyathi bedo tich rach.
Luo,Nyathi bedo tich rach.
Luo,Nyathi bedo tich rach.
Luo,Nyathi bedo tich rach.
Luo,Nyathi bedo tich rach.
Luo,Nyathi bedo tich rach.
Luo,Nyathi bedo tich rach.
Luo,Nyathi bedo tich rach.
Luo,Nyathi bedo tich rach.
Luo,Nyathi bedo tich rach.
Luo,Nyathi bedo tich rach.
Luo,Nyathi bedo tich rach.
Luo,Nyathi bedo tich rach.
Luo,Nyathi bedo tich rach.
Luo,Nyathi bedo tich rach.
Luo,Nyathi bedo tich rach.
Luo,Nyathi bedo tich rach.
Luo,Nyathi bedo tich rach.
Luo,Nyathi bedo tich rach.
Luo,Nyathi bedo tich rach.
Luo,Nyathi bedo tich rach.
Luo,Nyathi bedo tich rach.
Luo,Nyathi bedo tich rach.
Luo,Nyathi bedo tich rach.
Luo,Nyathi bedo tich rach.
Luo,Nyathi bedo tich rach.
Luo,Nyathi bedo tich rach.
Luo,Nyathi bedo tich rach.
Luo,Nyathi bedo tich rach.
Luo,Nyathi bedo tich rach.
Luo,Nyathi bedo tich rach.
Luo,Nyathi bedo tich rach.
Luo,Nyathi bedo tich rach.
Luo,Nyathi bedo tich rach.
Luo,Nyathi bedo tich rach.
Luo,Nyathi bedo tich rach.
Luo,Nyathi bedo tich rach.
Luo,Nyathi bedo tich rach.
Luo,Nyathi bedo tich rach.
Luo,Nyathi bedo tich rach.
Luo,Nyathi bedo tich rach.
Luo,Nyathi bedo tich rach.
Luo,Nyathi bedo tich rach.
Luo,Nyathi bedo tich rach.
Luo,Nyathi bedo tich rach.
Luo,Nyathi bedo tich rach.
Luo,Nyathi bedo tich rach.
Luo,Nyathi bedo tich rach.
Luo,Nyathi bedo tich rach.
Luo,Nyathi bedo tich rach.
Luo,Nyathi bedo tich rach.
Luo,Nyathi bedo tich rach.
Luo,Nyathi bedo tich rach.
Luo,Nyathi bedo tich rach.
Luo,Nyathi bedo tich rach.
Luo,Nyathi bedo tich rach.
Luo,Nyathi bedo tich rach.
Luo,Nyathi bedo tich rach.
Luo,Nyathi bedo tich rach.
Luo,Nyathi bedo tich rach.
Luo,Nyathi bedo tich rach.
Luo,Nyathi bedo tich rach.
Luo,Nyathi bedo tich rach.
Luo,Nyathi bedo tich rach.
Sheng,Nyimbo zake zinanikumbusha mambo.
Sheng,Nyumba ya jirani inapiga kelele.
Sheng,Nyumba za hapo hazina bei nzuri.
Sheng,Ofisi yetu imehama mahali mpya.
Sheng,"Ondoka salama, tuonane karibuni."
Sheng,"Ondoka vizuri, tumalize vizuri."
Sheng,Painting yangu ilikuwa nzuri sana.
Kiswahili,Paka amelala kitandani.
Sheng,Partner wangu amefanya kazi vizuri.
Sheng,Party ilichomeka saa nne usiku.
Sheng,"Pesa imepotea, sijui ilikwenda wapi."
Sheng,"Pesa imepotea, sijui ilikwenda wapi."
Sheng,"Phone yangu imekufa, niko offline."
Sheng,Phone yangu screen imevunjika leo.
Sheng,Pikipiki ni njia ya haraka zaidi.
Sheng,"Poa sana fam, niko tu."
Sheng,"Poa sana fam, niko tu."
Sheng,Pole lazima niende sasa hivi.
Sheng,Rafiki wa kweli hukuacha wakati mgumu.
Sheng,Rafiki yangu alini-support wakati mgumu.
Sheng,Rave ya jana ilikuwa hit kabisa.
Sheng,Recharge yangu imeisha kabla ya usiku.
Sheng,Results za last term zilikuwa poa.
Sheng,Saa hii siyo wakati mzuri wa kuja.
Sheng,"Saa nane uwe hapo, usichelewe."
Sheng,"Saa nane uwe hapo, usichelewe."
Sheng,Saa ngapi wewe unakuja nyumbani?
Sheng,Sasa hivi niko vizuri kabisa.
Sheng,"Sawa buda, tutaongea baadaye."
Sheng,"Sawa fam, niko na wewe."
Sheng,"Sawa kabisa, tutaonana hivi karibuni."
Sheng,"Sawa manze, keep it real."
Sheng,"Sawa sawa, tuendelee kesho."
Sheng,"Sawa, stay safe usiku wote."
Sheng,"Sawa, tutaonana baadaye cheki."
Sheng,"Sema chief, umefika lini?"
Sheng,"Sema chief, umefika lini?"
Sheng,"Sema dude, niambie ukweli."
Sheng,"Sema dude, niambie ukweli."
Sheng,"Sema fam, tunaendaje leo?"
Sheng,"Sema fam, tunaendaje leo?"
Sheng,"Sema wewe, uko juu."
Sheng,"Sema wewe, uko juu."
Sheng,Semester hii ni ngumu sana kweli.
Sheng,Serikali inajaribu kuboresha hali.
English,She build a letter slowly.
English,She build a movie carefully.
English,She build a plan quickly.
English,She build television slowly.
English,She eat a break carefully.
English,She eat a break sadly.
English,She eat football badly.
English,She eat football quietly.
English,She eat the food quickly.
English,She find a book slowly.
English,She like a book easily.
English,She like a movie quietly.
English,She make a book easily.
English,She make a break quickly.
English,She make a movie slowly.
English,She make a plan gracefully.
English,She play a book quickly.
English,She play a break badly.
English,She play a letter happily.
English,She play a letter happily.
English,She play a letter slowly.
English,She play a movie badly.
English,She play football easily.
English,She play football loudly.
English,She see a break easily.
English,She see a letter sadly.
English,She see a movie sadly.
English,She see a solution slowly.
English,She see football loudly.
English,She see television carefully.
English,She see the food carefully.
English,She take a house slowly.
English,She take a movie slowly.
English,She take a plan happily.
English,She take a solution happily.
English,She watch a break quickly.
English,She watch a house easily.
English,She watch a movie carefully.
English,She watch a solution loudly.
English,She watch television easily.
English,She write a book loudly.
English,She write a book quietly.
English,She write a book slowly.
English,She write a letter sadly.
English,She write a plan slowly.
English,She write a solution easily.
Sheng,Show ya Jumamosi ni ya kusubiri.
Sheng,Show ya Nairobi ilikuwa ngangari.
Sheng,Siamini hali yangu sasa hivi.
Sheng,Side hustle ndiyo inanisaidia zaidi.
Sheng,"Sijisikii vizuri, nitakaa nyumbani."
Sheng,"Sijui jibu la swali hilo, niambie."
Sheng,Sijui nifanye nini na hali hii.
Sheng,Siku moja nitafika juu kabisa.
Sheng,Siku ya kesho itakuwa nzuri zaidi.
Sheng,Sina amani na hali ya sasa.
Sheng,"Sina cent bro, nimekaukia kabisa."
Sheng,"Sina cent bro, nimekaukia kabisa."
Sheng,Sina doh leo lakini kesho ntakuwa sawa.
Sheng,Sina doh leo lakini kesho ntakuwa sawa.
Sheng,"Sina mbao, usiomba leo."
Sheng,"Sina mbao, usiomba leo."
Sheng,Sina tatizo na wewe kabisa.
Sheng,"Sina uongo, nilikuwepo nikaona."
Sheng,Sio rahisi lakini inawezekana kabisa.
Sheng,"Sisi tulifika late, vibes bado ziko."
Sheng,Sisi tunafanya kazi hard bila kupumzika.
Sheng,Sitabadilisha uamuzi wangu hata kidogo.
Sheng,Sitasahau siku hii ya leo.
Sheng,Siwezi kukata tamaa sasa hivi.
Sheng,Squad yetu inafanya mambo makubwa.
Sheng,"Take care, usisahau kunipigia."
Sheng,Tekeleza ndoto yako bila woga.
Sheng,Teknolojia inabadilisha kila kitu.
Sheng,Thamani yako ni kubwa sana.
English,The dog build a book happily.
English,The dog build a movie slowly.
English,The dog build a solution easily.
English,The dog build football quietly.
English,The dog build the food happily.
English,The dog build the food quietly.
English,The dog build the food quietly.
English,The dog eat a break badly.
English,The dog eat a break easily.
English,The dog eat a house carefully.
English,The dog eat a solution badly.
English,The dog eat football happily.
English,The dog find a book slowly.
English,The dog find a house loudly.
English,The dog find a letter quietly.
English,The dog find a movie quickly.
English,The dog find football quietly.
English,The dog find television sadly.
English,The dog like a book quickly.
English,The dog like football quickly.
English,The dog like football slowly.
English,The dog like television carefully.
English,The dog make a book sadly.
English,The dog make a plan quietly.
English,The dog make football badly.
English,The dog play a book sadly.
English,The dog play a book slowly.
English,The dog play a break loudly.
English,The dog play a letter slowly.
English,The dog play a solution quietly.
English,The dog play football quickly.
English,The dog see a book happily.
English,The dog see a break happily.
English,The dog see a letter easily.
English,The dog see a letter quietly.
English,The dog see a plan gracefully.
English,The dog see football sadly.
English,The dog see television quietly.
English,The dog see television sadly.
English,The dog take a break slowly.
English,The dog take a letter happily.
English,The dog take a letter slowly.
English,The dog take a movie slowly.
English,The dog take the food quickly.
English,The dog watch a break easily.
English,The dog watch a break quickly.
English,The dog watch a letter gracefully.
English,The dog watch a plan gracefully.
English,The dog watch television sadly.
English,The dog watch the food carefully.
English,The dog write a letter quietly.
English,The dog write television gracefully.
English,The dog write the food badly.
English,The student build a plan happily.
English,The student build television loudly.
English,The student eat a book happily.
English,The student eat a break badly.
English,The student eat a break sadly.
English,The student eat a letter happily.
English,The student eat television easily.
English,The student eat television slowly.
English,The student find a house quickly.
English,The student find a plan sadly.
English,The student find football happily.
English,The student like television badly.
English,The student like television quietly.
English,The student make a plan easily.
English,The student make the food gracefully.
English,The student play a break quickly.
English,The student see a book quickly.
English,The student see a break badly.
English,The student see a break badly.
English,The student see a break happily.
English,The student see football loudly.
English,The student see football quickly.
English,The student see the food carefully.
English,The student take a break quickly.
English,The student take a house easily.
English,The student take a solution quietly.
English,The student take football happily.
English,The student take football slowly.
English,The student take television easily.
English,The student watch the food quietly.
English,The student write a book quickly.
English,The student write a book quietly.
English,The student write a house quickly.
English,The student write a movie quietly.
English,The student write a solution sadly.
English,The student write television quickly.
English,The student write television quietly.
English,The student write the food loudly.
English,The teacher build a book easily.
English,The teacher build a house sadly.
English,The teacher build a letter sadly.
English,The teacher build a solution loudly.
English,The teacher build the food loudly.
English,The teacher eat a book easily.
English,The teacher eat a plan quietly.
English,The teacher eat a plan sadly.
English,The teacher eat a solution badly.
English,The teacher eat the food quickly.
English,The teacher find a break easily.
English,The teacher find a house loudly.
English,The teacher find a movie carefully.
English,The teacher find a plan happily.
English,The teacher find television badly.
English,The teacher find television gracefully.
English,The teacher find television quietly.
English,The teacher find the food sadly.
English,The teacher like a book loudly.
English,The teacher like a house loudly.
English,The teacher like a solution gracefully.
English,The teacher like a solution slowly.
English,The teacher like football quickly.
English,The teacher like the food happily.
English,The teacher make a letter badly.
English,The teacher make a letter quickly.
English,The teacher make a movie badly.
English,The teacher make television badly.
English,The teacher play a book gracefully.
English,The teacher play a house carefully.
English,The teacher play a solution gracefully.
English,The teacher play football carefully.
English,The teacher play the food easily.
English,The teacher see a book sadly.
English,The teacher see a break carefully.
English,The teacher see a solution carefully.
English,The teacher see a solution quietly.
English,The teacher see a solution slowly.
English,The teacher see football quickly.
English,The teacher take a break happily.
English,The teacher take a house badly.
English,The teacher take a plan sadly.
English,The teacher take the food quickly.
English,The teacher watch a book carefully.
English,The teacher watch a house slowly.
English,The teacher watch football happily.
English,The teacher watch television quickly.
English,The teacher watch the food badly.
English,The teacher watch the food badly.
English,The teacher watch the food happily.
English,The teacher write a break quietly.
English,They build a break quietly.
English,They build a house quickly.
English,They build a letter happily.
English,They build a letter quickly.
English,They build a plan quietly.
English,They build the food happily.
English,They eat a house easily.
English,They eat a letter quickly.
English,They eat a solution slowly.
English,They eat football carefully.
English,They eat television quickly.
English,They eat the food easily.
English,They find a house easily.
English,They find television badly.
English,They like a break easily.
English,They like a letter badly.
English,They like a movie slowly.
English,They make a movie sadly.
English,They make a solution gracefully.
English,They make a solution quietly.
English,They make football easily.
English,They make television badly.
English,They make television happily.
English,They make television happily.
English,They play a house carefully.
English,They play a letter carefully.
English,They play a movie easily.
English,They play a movie gracefully.
English,They play football carefully.
English,They play the food carefully.
English,They see a book sadly.
English,They see a letter loudly.
English,They see a movie slowly.
English,They see a plan happily.
English,They see a plan slowly.
English,They see a solution loudly.
English,They see television quickly.
English,They see the food quickly.
English,They take football loudly.
English,They take television easily.
English,They take television loudly.
English,They watch a book gracefully.
English,They write a break happily.
English,They write a house carefully.
English,They write a solution quickly.
English,They write television happily.
English,They write the food happily.
Sheng,Treni imechelewa tena leo asubuhi.
Sheng,Tuende base yake usiku huu.
Sheng,Tuende base yake usiku huu.
Sheng,Tuende kwa basi ya usiku.
Sheng,"Tuende walking, si mbali sana."
Sheng,Tufanye plan ya weekend hii.
Sheng,Tufanye plan ya weekend hii.
Sheng,Tukae chini tufikirie pamoja.
Sheng,Tukae hapa tukule ugali wa mama.
Sheng,Tukae hapa tukule ugali wa mama.
Kiswahili,Tukienda mapema tutafika
Sheng,Tukipanga kitu tunafanya pamoja.
Sheng,Tukiwa pamoja tunafurahi sana.
Sheng,"Tukiwa pamoja, world ni nzuri."
Sheng,"Tuko squad moja, hatuvunjwi."
Sheng,"Tuko together, wachana na sisi."
Sheng,Tukutane stage ya Westlands.
Sheng,"Tuliambia mwalimu hatujui, alicheka."
Sheng,"Tulibreak up, niko sawa na hiyo."
Sheng,Tulienda club na squad usiku.
Sheng,Tulifanya hangout poa sana jana.
Sheng,Tulifanya turn up mpaka asubuhi.
Sheng,Tulikuwa na wakati mzuri sana.
Sheng,Tulikuwa pamoja tangu wadogo sana.
Sheng,Tulizungumza muda mrefu usiku jana.
Sheng,Tumebadilika sana tangu wakati ule.
Sheng,Tumefanya deal nzuri leo asubuhi.
Sheng,Tumekuwa friends miaka mingi sana.
Sheng,"Tumia akili, usile sana."
Sheng,"Tumia akili, usile sana."
Sheng,Tumia kichwa chako vizuri sana.
Kiswahili,Tunaandika barua.
Kiswahili,Tunaandika barua.
Kiswahili,Tunaandika barua.
Kiswahili,Tunaandika barua.
Kiswahili,Tunaandika barua.
Kiswahili,Tunaandika barua.
Kiswahili,Tunaandika barua.
Kiswahili,Tunaangalia televisheni.
Kiswahili,Tunacheza dansi.
Kiswahili,Tunacheza karata jioni.
Kiswahili,Tunacheza mpira uwanjani.
Kiswahili,Tunacheza mpira.
Kiswahili,Tunacheza mpira.
Kiswahili,Tunacheza mpira.
Kiswahili,Tunacheza mpira.
Kiswahili,Tunacheza mpira.
Kiswahili,Tunacheza mpira.
Kiswahili,Tunacheza mpira.
Kiswahili,Tunacheza mpira.
Kiswahili,Tunacheza muziki.
Kiswahili,Tunacheza nje.
Sheng,Tunaenda date Jumamosi hii.
Sheng,"Tunaenda show ya usiku, uko?"
Sheng,"Tunaenda show ya usiku, uko?"
Kiswahili,Tunaenda sokoni kununua mboga.
Sheng,Tunaendelea kesho bila shaka.
Kiswahili,Tunaimba nyimbo nzuri.
Kiswahili,Tunaimba wimbo.
Kiswahili,Tunaimba wimbo.
Kiswahili,Tunaimba wimbo.
Kiswahili,Tunaimba wimbo.
Kiswahili,Tunaimba wimbo.
Kiswahili,Tunaimba wimbo.
Kiswahili,Tunaimba wimbo.
Kiswahili,Tunaimba wimbo.
Sheng,"Tunakaa pamoja, ni poa sana."
Kiswahili,Tunakimbia mbio.
Kiswahili,Tunakimbia mbio.
Kiswahili,Tunakimbia mbio.
Kiswahili,Tunakimbia mbio.
Kiswahili,Tunakimbia mbio.
Kiswahili,Tunakimbia mbio.
Kiswahili,Tunakimbia mbio.
Kiswahili,Tunakimbia mbio.
Kiswahili,Tunakula chakula.
Kiswahili,Tunakula chakula.
Kiswahili,Tunakula chakula.
Kiswahili,Tunakula chakula.
Kiswahili,Tunakula chakula.
Kiswahili,Tunakula chakula.
Kiswahili,Tunakula chakula.
Kiswahili,Tunakula pamoja.
Kiswahili,Tunakunywa chai asubuhi.
Kiswahili,Tunakunywa maji.
Kiswahili,Tunakunywa maji.
Kiswahili,Tunakunywa maji.
Kiswahili,Tunakunywa maji.
Kiswahili,Tunakunywa maji.
Kiswahili,Tunakunywa maji.
Kiswahili,Tunakunywa maji.
Kiswahili,Tunakunywa maji.
Kiswahili,Tunakwenda kazini asubuhi.
Kiswahili,Tunaosha vyombo
Kiswahili,Tunaosha vyombo.
Kiswahili,Tunaosha vyombo.
Kiswahili,Tunaosha vyombo.
Kiswahili,Tunaosha vyombo.
Kiswahili,Tunaosha vyombo.
Kiswahili,Tunaosha vyombo.
Kiswahili,Tunaosha vyombo.
Kiswahili,Tunapanda mboga bustanini.
Sheng,Tunapiga gari saa ngapi?
Sheng,Tunapiga gari saa ngapi?
Kiswahili,Tunapika wali.
Kiswahili,Tunapika wali.
Kiswahili,Tunapika wali.
Kiswahili,Tunapika wali.
Kiswahili,Tunapika wali.
Kiswahili,Tunapika wali.
Kiswahili,Tunapika wali.
Kiswahili,Tunapika wali.
Kiswahili,Tunapumzika.
Kiswahili,Tunasafiri kwenda mjini.
Kiswahili,Tunasoma kitabu.
Kiswahili,Tunasoma kitabu.
Kiswahili,Tunasoma kitabu.
Kiswahili,Tunasoma kitabu.
Kiswahili,Tunasoma kitabu.
Kiswahili,Tunasoma kitabu.
Kiswahili,Tunasoma pamoja.
Kiswahili,Tunasoma vitabu.
Kiswahili,Tunatembea nje.
Kiswahili,Tunatembea njiani.
Kiswahili,Tunatembea njiani.
Kiswahili,Tunatembea njiani.
Kiswahili,Tunatembea njiani.
Kiswahili,Tunatembea njiani.
Kiswahili,Tunatembea njiani.
Kiswahili,Tunatembea njiani.
Kiswahili,Tunatembea njiani.
Kiswahili,Tunatembea polepole.
Sheng,Tunaweza kuanza upya leo hii.
Sheng,Tunaweza kutatua hii pamoja.
Sheng,Tuseme saa ngapi tukutane sawa.
Sheng,Tuseme tukae hapo kwa Kevo.
Sheng,Tuseme tukae hapo kwa Kevo.
Sheng,Tuseme tukutane hapo stage saa nne.
Sheng,Tuseme tukutane hapo stage saa nne.
Sheng,Tushoot nyumba yake usiku.
Sheng,Tushoot nyumba yake usiku.
Sheng,Tusome pamoja kesho asubuhi.
Sheng,Tutaonana hivi karibuni sana.
Sheng,Tutaonana wiki ijayo buda.
Kiswahili,Tutashinda kwa juhudi.
Kiswahili,Tutashinda kwa juhudi.
Sheng,Tuweze kufanya kitu pamoja leo.
Sheng,Twitter ilikuwa na drama jana.
Kiswahili,Ukija nitakusaidia.
Sheng,"Uko cool msee, niko hapa."
Sheng,"Uko cool msee, niko hapa."
Sheng,Uko down kushoot malls?
Sheng,Uko down kushoot malls?
Sheng,Uko down tushoot karao?
Sheng,Uko down tushoot karao?
Sheng,Uko fit leo ama una stress?
Sheng,Uko fit leo ama una stress?
Sheng,Uko fit poa buda?
Sheng,Uko fit poa buda?
Sheng,Uko na doh ama umekaukia?
Sheng,Uko na doh ama umekaukia?
Sheng,Uko na muda kidogo tuongee?
Sheng,Uko na njaa ama ulishalipa?
Sheng,Uko na njaa ama ulishalipa?
Sheng,Ukweli utajulikana siku moja.
Sheng,Uliamka saa ngapi leo asubuhi?
Sheng,Ulifanya vizuri sana leo.
Sheng,Ulikula breakfast ama ulipita?
Sheng,Ulikula breakfast ama ulipita?
Sheng,"Ulikuwa ukweli sana, asante sana."
Sheng,Ulikuwa unajua hii tangu lini?
Sheng,"Ulinipa loan, nitarudisha wiki ijayo."
Sheng,"Ulinipa loan, nitarudisha wiki ijayo."
Sheng,Ulipata fare ama utaenda gari gani?
Sheng,Ulipata fare ama utaenda gari gani?
Sheng,Umebeba nini pale mfukoni mwako?
Sheng,"Umefanya kazi vizuri, hongera sana."
Sheng,Umejifunza kitu kipya leo?
Sheng,Umeona post yake kwenye Insta?
Sheng,Umesave pesa yako ama umikia?
Sheng,Umesave pesa yako ama umikia?
Sheng,Umesikia habari za huyo mtu?
Sheng,Umoja wa watu ni nguvu kubwa.
Sheng,Unaeza nisaidia kidogo tu bro?
Sheng,Unaona jinsi mambo yanavyobadilika?
Sheng,Unapea mimi doh kidogo nirudishie.
Sheng,Unapea mimi doh kidogo nirudishie.
Sheng,Unapenda nyama choma ama ugali samaki?
Sheng,Unapenda nyama choma ama ugali samaki?
Kiswahili,unasoma kitabu.
Sheng,Unastahili mambo mazuri maishani.
Sheng,Unaweza kufika ama una bidii?
Sheng,Unaweza kufika ama una bidii?
Sheng,Upepo mkali uko leo asubuhi.
Sheng,Usiacha ndoto yako ikuangalie tu.
Sheng,"Usikate tamaa, bado kuna muda."
Sheng,Usiku mzuri wa usingizi ndiyo dawa.
Sheng,Usiku wa jana show ilikuwa banger.
Sheng,Usiku wa kuwatch movies ni poa.
Sheng,Usiku wa leo ni wa baridi.
Sheng,"Usiomba pesa tena, unajua ninakukimbia."
Sheng,"Usiomba pesa tena, unajua ninakukimbia."
Sheng,Usisahau kuja kesho asubuhi.
Sheng,Usisikize wale wanaokudhoofisha.
Sheng,Vibes za leo ni za poa sana.
Sheng,Vibes za usiku zilikuwa za poa.
Sheng,Videos zake za TikTok zinachekesha.
Sheng,Vijana ndio nguvu ya taifa letu.
Sheng,Vijana wa leo wana nguvu na ujanja.
Sheng,"Wacha watu waseme, endelea mbele."
Sheng,Wachezaji wa stage walikuwa fire.
Luo,Wan temo dala ahinya.
Luo,Wan temo dala ahinya.
Luo,Wan temo dala ahinya.
Luo,Wan temo dala ahinya.
Luo,Wan temo dala ahinya.
Luo,Wan temo dala ahinya.
Luo,Wan temo dala ahinya.
Luo,Wan temo dala ahinya.
Luo,Wan temo dala ahinya.
Luo,Wan temo dala ahinya.
Luo,Wan temo dala ahinya.
Luo,Wan temo dala ahinya.
Luo,Wan temo dala ahinya.
Luo,Wan temo dala ahinya.
Luo,Wan temo dala ahinya.
Luo,Wan temo dala ahinya.
Luo,Wan temo dala ahinya.
Luo,Wan temo dala ahinya.
Luo,Wan temo dala ahinya.
Luo,Wan temo dala ahinya.
Luo,Wan temo dala ahinya.
Luo,Wan temo dala ahinya.
Luo,Wan temo dala ahinya.
Luo,Wan temo dala ahinya.
Luo,Wan temo dala ahinya.
Luo,Wan temo dala ahinya.
Luo,Wan temo dala ahinya.
Luo,Wan temo dala ahinya.
Luo,Wan temo dala ahinya.
Luo,Wan temo dala ahinya.
Luo,Wan temo dala ahinya.
Luo,Wan temo dala ahinya.
Luo,Wan temo dala ahinya.
Luo,Wan temo dala ahinya.
Luo,Wan temo dala ahinya.
Luo,Wan temo dala ahinya.
Luo,Wan temo dala ahinya.
Luo,Wan temo dala ahinya.
Luo,Wan temo dala ahinya.
Luo,Wan temo dala ahinya.
Luo,Wan temo dala ahinya.
Luo,Wan temo dala ahinya.
Luo,Wan temo dala ahinya.
Luo,Wan temo dala ahinya.
Luo,Wan temo dala ahinya.
Luo,Wan temo dala ahinya.
Luo,Wan temo dala ahinya.
Luo,Wan temo dala ahinya.
Luo,Wan temo dala ahinya.
Luo,Wan temo dala ahinya.
Luo,Wan temo dala ahinya.
Luo,Wan temo dala ahinya.
Luo,Wan temo dala ahinya.
Luo,Wan temo dala ahinya.
Luo,Wan temo dala ahinya.
Luo,Wan temo dala ahinya.
Luo,Wan temo dala ahinya.
Luo,Wan temo dala ahinya.
Luo,Wan temo dala ahinya.
Luo,Wan temo dala ahinya.
Luo,Wan temo dala ahinya.
Luo,Wan temo dala ahinya.
Luo,Wan temo dala ahinya.
Luo,Wan temo dala ahinya.
Luo,Wan temo dala ahinya.
Luo,Wan temo dala ahinya.
Luo,Wan temo dala ahinya.
Luo,Wan temo dala ahinya.
Luo,Wan temo dala ahinya.
Luo,Wan temo dala ahinya.
Luo,Wan temo dala ahinya.
Luo,Wan temo dala ahinya.
Luo,Wan temo dala ahinya.
Luo,Wan temo dala ahinya.
Luo,Wan temo dala ahinya.
Kiswahili,Wanaandika barua.
Kiswahili,Wanaandika barua.
Kiswahili,Wanaandika barua.
Kiswahili,Wanaandika barua.
Kiswahili,Wanaandika barua.
Kiswahili,Wanaandika barua.
Kiswahili,Wanaandika barua.
Kiswahili,Wanaandika barua.
Kiswahili,Wanacheka sana.
Kiswahili,Wanacheza mpira.
Kiswahili,Wanacheza mpira.
Kiswahili,Wanacheza mpira.
Kiswahili,Wanacheza mpira.
Kiswahili,Wanacheza mpira.
Kiswahili,Wanacheza mpira.
Kiswahili,Wanacheza mpira.
Kiswahili,Wanacheza mpira.
Kiswahili,Wanacheza muziki kwa sauti.
Kiswahili,Wanafunzi wanacheza uwanjani wakati wa mapumziko.
Kiswahili,Wanafunzi wanajibu maswali.
Kiswahili,Wanafunzi wanasoma darasani.
Kiswahili,Wanaimba kwa furaha.
Kiswahili,Wanaimba wimbo.
Kiswahili,Wanaimba wimbo.
Kiswahili,Wanaimba wimbo.
Kiswahili,Wanaimba wimbo.
Kiswahili,Wanaimba wimbo.
Kiswahili,Wanaimba wimbo.
Kiswahili,Wanaimba wimbo.
Kiswahili,Wanaimba wimbo.
Kiswahili,Wanakimbia haraka sana.
Kiswahili,Wanakimbia mbio ndefu.
Kiswahili,Wanakimbia mbio.
Kiswahili,Wanakimbia mbio.
Kiswahili,Wanakimbia mbio.
Kiswahili,Wanakimbia mbio.
Kiswahili,Wanakimbia mbio.
Kiswahili,Wanakimbia mbio.
Kiswahili,Wanakimbia mbio.
Kiswahili,Wanakimbia mbio.
Kiswahili,Wanakimbia sana.
Kiswahili,Wanakula chakula.
Kiswahili,Wanakula chakula.
Kiswahili,Wanakula chakula.
Kiswahili,Wanakula chakula.
Kiswahili,Wanakula chakula.
Kiswahili,Wanakula chakula.
Kiswahili,Wanakula chakula.
Kiswahili,Wanakula chakula.
Kiswahili,Wanakula chakula.
Kiswahili,Wanakula matunda matamu.
Kiswahili,Wanakula matunda.
Kiswahili,Wanakunywa chai.
Kiswahili,Wanakunywa maji.
Kiswahili,Wanakunywa maji.
Kiswahili,Wanakunywa maji.
Kiswahili,Wanakunywa maji.
Kiswahili,Wanakunywa maji.
Kiswahili,Wanakunywa maji.
Kiswahili,Wanakunywa maji.
Kiswahili,Wanakunywa maji.
Kiswahili,Wanakunywa maji.
Kiswahili,Wanakutana jioni.
Kiswahili,Wanalima shamba lao.
Kiswahili,Wanaosha vyombo.
Kiswahili,Wanaosha vyombo.
Kiswahili,Wanaosha vyombo.
Kiswahili,Wanaosha vyombo.
Kiswahili,Wanaosha vyombo.
Kiswahili,Wanaosha vyombo.
Kiswahili,Wanaosha vyombo.
Kiswahili,Wanaosha vyombo.
Kiswahili,Wanapanda miti.
Kiswahili,Wanapika chakula kitamu.
Kiswahili,Wanapika wali.
Kiswahili,Wanapika wali.
Kiswahili,Wanapika wali.
Kiswahili,Wanapika wali.
Kiswahili,Wanapika wali.
Kiswahili,Wanapika wali.
Kiswahili,Wanapika wali.
Kiswahili,Wanapika wali.
Kiswahili,Wanasoma kitabu.
Kiswahili,Wanasoma kitabu.
Kiswahili,Wanasoma kitabu.
Kiswahili,Wanasoma kitabu.
Kiswahili,Wanasoma kitabu.
Kiswahili,Wanasoma kitabu.
Kiswahili,Wanasoma kitabu.
Kiswahili,Wanasoma kitabu.
Kiswahili,Wanatembea barabarani.
Kiswahili,Wanatembea njiani.
Kiswahili,Wanatembea njiani.
Kiswahili,Wanatembea njiani.
Kiswahili,Wanatembea njiani.
Kiswahili,Wanatembea njiani.
Kiswahili,Wanatembea njiani.
Kiswahili,Wanatembea njiani.
Kiswahili,Wanatembea njiani.
Kiswahili,Wanatembea polepole.
Sheng,"Wasup chief, unakunywa nini?"
Sheng,"Wasup chief, unakunywa nini?"
Sheng,"Wasup manze, umefanya nini leo?"
Sheng,"Wasup manze, umefanya nini leo?"
Sheng,Wateja wetu wanafurahi na huduma.
Sheng,Watoto wa jirani ni wa kelele.
Sheng,Watoto wa mtaani wanacheza barabarani.
Sheng,Watoto wa shule wanapita kila asubuhi.
Kiswahili,Watoto wanacheka sana.
Sheng,Watoto wengine wamenikatia notes.
Sheng,Watu hawajui ukweli wa mambo hayo.
Sheng,Watu wa hapa wananikatia mchezo.
Sheng,Watu wa hapa wananisumbua sana.
Sheng,Watu wa mjini wana maisha magumu.
Sheng,Watu wa mtaa wanajuana wote.
Sheng,Watu wa poa wanajuana vizuri.
Sheng,Watu wa vijijini pia wanastahili.
Sheng,"Watu wanaenda kula lunch, tuje."
Sheng,"Watu wanaenda kula lunch, tuje."
Sheng,Watu wanasema mambo mengi kuhusu yeye.
Sheng,Watu wengi wanajua mambo yake.
English,We build a book happily.
English,We build a house badly.
English,We build a solution badly.
English,We build a solution slowly.
English,We build football gracefully.
English,We build the food happily.
English,We eat a book badly.
English,We eat a letter carefully.
English,We eat a plan sadly.
English,We eat football gracefully.
English,We find a house badly.
English,We find a house loudly.
English,We find a house quickly.
English,We find a house slowly.
English,We find a letter quickly.
English,We find television quietly.
English,We like a break sadly.
English,We like a house easily.
English,We like a house loudly.
English,We like a letter slowly.
English,We like television carefully.
English,We make a house carefully.
English,We make a house easily.
English,We play a letter slowly.
English,We play a movie happily.
English,We play a movie happily.
English,We play a plan quickly.
English,We play the food slowly.
English,We play the food slowly.
English,We see a book carefully.
English,We see a break easily.
English,We see a break slowly.
English,We see a house loudly.
English,We see a solution carefully.
English,We see the food happily.
English,We see the food quietly.
English,We take a book happily.
English,We take a book slowly.
English,We take a house badly.
English,We take a movie easily.
English,We take a plan loudly.
English,We watch a house quietly.
English,We watch a house slowly.
English,We watch a solution happily.
English,We watch a solution sadly.
English,We watch television quickly.
English,We write a break slowly.
English,We write a house gracefully.
English,We write a house happily.
English,We write a house slowly.
English,We write a movie carefully.
English,We write a movie carefully.
English,We write a solution quietly.
Sheng,Weekend nzuri ni ile ya kupumzika.
Sheng,"Wengine ni haters tu, wachana nao."
Sheng,"Wengine walifanikiwa, wewe pia utaweza."
Sheng,Wenzangu hawanisaidii wakati mzuri.
Sheng,Wenzangu wanajua kila kitu kuhusu mimi.
Sheng,Wenzangu wanasoma library kila siku.
Sheng,Wewe na wenzako mfike mapema.
Sheng,Wewe na wenzako mfike mapema.
Sheng,Wewe una uwezo wa kufanikisha.
Sheng,Wewe unajua mengi kuhusu hili.
Sheng,WhatsApp yake imeblock yangu.
Luo,Wuod tiyo ot tek.
Luo,Wuod tiyo ot tek.
Luo,Wuod tiyo ot tek.
Luo,Wuod tiyo ot tek.
Luo,Wuod tiyo ot tek.
Luo,Wuod tiyo ot tek.
Luo,Wuod tiyo ot tek.
Luo,Wuod tiyo ot tek.
Luo,Wuod tiyo ot tek.
Luo,Wuod tiyo ot tek.
Luo,Wuod tiyo ot tek.
Luo,Wuod tiyo ot tek.
Luo,Wuod tiyo ot tek.
Luo,Wuod tiyo ot tek.
Luo,Wuod tiyo ot tek.
Luo,Wuod tiyo ot tek.
Luo,Wuod tiyo ot tek.
Luo,Wuod tiyo ot tek.
Luo,Wuod tiyo ot tek.
Luo,Wuod tiyo ot tek.
Luo,Wuod tiyo ot tek.
Luo,Wuod tiyo ot tek.
Luo,Wuod tiyo ot tek.
Luo,Wuod tiyo ot tek.
Luo,Wuod tiyo ot tek.
Luo,Wuod tiyo ot tek.
Luo,Wuod tiyo ot tek.
Luo,Wuod tiyo ot tek.
Luo,Wuod tiyo ot tek.
Luo,Wuod tiyo ot tek.
Luo,Wuod tiyo ot tek.
Luo,Wuod tiyo ot tek.
Luo,Wuod tiyo ot tek.
Luo,Wuod tiyo ot tek.
Luo,Wuod tiyo ot tek.
Luo,Wuod tiyo ot tek.
Luo,Wuod tiyo ot tek.
Luo,Wuod tiyo ot tek.
Luo,Wuod tiyo ot tek.
Luo,Wuod tiyo ot tek.
Luo,Wuod tiyo ot tek.
Luo,Wuod tiyo ot tek.
Luo,Wuod tiyo ot tek.
Luo,Wuod tiyo ot tek.
Luo,Wuod tiyo ot tek.
Luo,Wuod tiyo ot tek.
Luo,Wuod tiyo ot tek.
Luo,Wuod tiyo ot tek.
Luo,Wuod tiyo ot tek.
Luo,Wuod tiyo ot tek.
Luo,Wuod tiyo ot tek.
Luo,Wuod tiyo ot tek.
Luo,Wuod tiyo ot tek.
Luo,Wuod tiyo ot tek.
Luo,Wuod tiyo ot tek.
Luo,Wuod tiyo ot tek.
Luo,Wuod tiyo ot tek.
Luo,Wuod tiyo ot tek.
Luo,Wuod tiyo ot tek.
Luo,Wuod tiyo ot tek.
Luo,Wuod tiyo ot tek.
Luo,Wuod tiyo ot tek.
Luo,Wuod tiyo ot tek.
Luo,Wuod tiyo ot tek.
Luo,Wuod tiyo ot tek.
Luo,Wuod tiyo ot tek.
Luo,Wuod tiyo ot tek.
Luo,Wuod tiyo ot tek.
Luo,Wuod tiyo ot tek.
Luo,Wuod tiyo ot tek.
Luo,Wuod tiyo ot tek.
Luo,Wuod tiyo ot tek.
Luo,Wuod tiyo ot tek.
Luo,Wuod tiyo ot tek.
Luo,Wuod tiyo ot tek.
Sheng,Yeye na mwenzake wamegombana sana.
Sheng,"Yeye ni loyal sana, mtu wa trust."
Sheng,"Yeye ni mchungu, amenikatia."
Sheng,"Yeye ni moto sana, naomba nione."
English,You build a break carefully.
English,You build a break gracefully.
English,You build a movie loudly.
English,You build a plan sadly.
English,You build a solution badly.
English,You build football happily.
English,You build the food loudly.
English,You eat a break loudly.
English,You eat a house gracefully.
English,You eat a letter carefully.
English,You eat a letter gracefully.
English,You eat a letter quietly.
English,You eat a movie carefully.
English,You eat a movie gracefully.
English,You eat television carefully.
English,You eat the food badly.
English,You find a house slowly.
English,You find a letter loudly.
English,You find a movie quietly.
English,You find a plan badly.
English,You find a plan happily.
English,You find a plan loudly.
English,You find a solution sadly.
English,You find football quickly.
English,You find football quietly.
English,You find the food slowly.
English,You like a house slowly.
English,You like a plan carefully.
English,You like football sadly.
English,You make a break slowly.
English,You make a house carefully.
English,You make a letter slowly.
English,You make a movie carefully.
English,You play a break loudly.
English,You play a letter badly.
English,You play a letter sadly.
English,You play a plan quickly.
English,You play football easily.
English,You play football loudly.
English,You see a movie gracefully.
English,You see football gracefully.
English,You take a book happily.
English,You take a book quietly.
English,You take a book sadly.
English,You take a house quickly.
English,You take a house slowly.
English,You take a movie sadly.
English,You take a plan sadly.
English,You take television badly.
English,You take television slowly.
English,You watch a book quickly.
English,You watch a book sadly.
English,You watch a plan badly.
English,You watch a plan carefully.
English,You watch television quietly.
English,You write a book slowly.
English,You write a house carefully.
English,You write a letter sadly.
English,You write television easily.
English,You write television quickly.
English,You write the food slowly.
,
,
,
,
,
,
,
Sheng,
Sheng,
Sheng,
Sheng,
Sheng,
Sheng,
Sheng,
Sheng,
Sheng,
Sheng,
Sheng,
Sheng,
Sheng,
Sheng,
Sheng,
Sheng,
Sheng,
Sheng,
Sheng,
Sheng,
Sheng,
Sheng,
Sheng,
Sheng,
Sheng,
Sheng,
Sheng,
Sheng,
Sheng,
Sheng,
Sheng,
Sheng,
Sheng,
Sheng,
Sheng,
Sheng,
Sheng,
Sheng,
Sheng,
Sheng,
Sheng,
Sheng,
Sheng,
Sheng,
Sheng,
Sheng,
Sheng,
Sheng,
Sheng,
Sheng,
Sheng,
Sheng,
Sheng,
Sheng,
Sheng,
Sheng,
Sheng,
Sheng,
Sheng,
Sheng,
Sheng,
Sheng,
Sheng,
Sheng,
Sheng,
Sheng,
Sheng,
Sheng,
Sheng,
Sheng,
Sheng,
Sheng,
Sheng,
Sheng,
Sheng,
Sheng,
Sheng,
Sheng,
Sheng,
Sheng,
Sheng,
Sheng,
Sheng,
Sheng,
Sheng,
Sheng,
Sheng,
Sheng,
Sheng,
Sheng,
Sheng,
Sheng,
Sheng,
Sheng,
Sheng,
Sheng,
Sheng,
Sheng,
Sheng,
Sheng,
Sheng,
Sheng,
Sheng,
Sheng,
Sheng,
Sheng,
Sheng,
Sheng,
Sheng,
Sheng,
Sheng,
Sheng,
Sheng,
Sheng,
Sheng,
Sheng,
Sheng,
Sheng,
Sheng,
Sheng,
Sheng,
Sheng,
Sheng,
Sheng,
Sheng,
Sheng,
Sheng,
Sheng,
Sheng,
Sheng,
Sheng,
Sheng,
Sheng,
Sheng,
Sheng,
Sheng,
Sheng,
Sheng,
Sheng,
Sheng,
Sheng,
Sheng,
Sheng,
Sheng,
Sheng,
Sheng,
Sheng,
Sheng,
Sheng,
Sheng,
Sheng,
Sheng,
Sheng,
Sheng,
Sheng,
Sheng,
Sheng,
Sheng,
Sheng,
Sheng,
Sheng,
Sheng,
Sheng,
Sheng,
Sheng,
Sheng,
Sheng,
Sheng,
Sheng,
Sheng,
Sheng,
Sheng,
Sheng,
Sheng,
Sheng,
Sheng,
Sheng,
Sheng,
Sheng,
Sheng,
Sheng,
Sheng,
Sheng,
Sheng,
Sheng,
Sheng,
Sheng,
Sheng,
Sheng,
Sheng,
Sheng,
Sheng,
Sheng,
Sheng,
Sheng,
Sheng,
Sheng,
Sheng,
Sheng,
Sheng,
Sheng,
Sheng,
Sheng,
Sheng,
Sheng,
Sheng,
Sheng,
Sheng,
Sheng,
Sheng,
Sheng,
Sheng,
Sheng,
Sheng,
Sheng,
Sheng,
Sheng,
Sheng,
Sheng,
Sheng,
Sheng,
Sheng,
Sheng,
Sheng,
Sheng,
Sheng,
Sheng,
Sheng,
Sheng,
Sheng,
Sheng,
Sheng,
Sheng,
Sheng,
Sheng,
Sheng,
Sheng,
Sheng,
Sheng,
Sheng,
Sheng,
Sheng,
Sheng,
Sheng,
Sheng,
Sheng,
Sheng,
Sheng,
Sheng,
Sheng,
Sheng,
Sheng,
Sheng,
Sheng,
Sheng,
Sheng,
Sheng,
Sheng,
Sheng,
Sheng,
Sheng,
Sheng,
Sheng,
Sheng,
Sheng,
Sheng,
Sheng,
Sheng,
Sheng,
Sheng,
Sheng,
Sheng,
Sheng,
Sheng,
Sheng,
Sheng,
Sheng,
Sheng,
Sheng,
Sheng,
Sheng,
Sheng,
Sheng,
Sheng,
Sheng,
Sheng,
Sheng,
Sheng,
Sheng,
Sheng,
Sheng,
Sheng,
Sheng,
Sheng,
Sheng,
Sheng,
Sheng,
Sheng,
Sheng,
Sheng,
Sheng,
Sheng,
Sheng,
Sheng,
Sheng,
Sheng,
Sheng,
Sheng,
Sheng,
Sheng,
Sheng,
Sheng,
Sheng,
Sheng,
Sheng,
Sheng,
Sheng,
Sheng,
Sheng,
Sheng,
Sheng,
Sheng,
Sheng,
Sheng,
Sheng,
Sheng,
Sheng,
Sheng,
Sheng,
Sheng,
Sheng,
Sheng,
Sheng,
Sheng,
Sheng,
Sheng,
Sheng,
Sheng,
Sheng,
Sheng,
Sheng,
Sheng,
Sheng,
Sheng,
Sheng,
Sheng,
Sheng,
Sheng,
Sheng,
Sheng,
Sheng,
Sheng,
Sheng,
Sheng,
Sheng,
Sheng,
Sheng,
Sheng,
Sheng,
Sheng,
Sheng,
Sheng,
Sheng,
Sheng,
Sheng,
Sheng,
Sheng,
Sheng,
Sheng,
Sheng,
Sheng,
Sheng,
Sheng,
Sheng,
Sheng,
Sheng,
Sheng,
Sheng,
Sheng,
Sheng,
Sheng,
Sheng,
Sheng,
Sheng,
Sheng,
Sheng,
Sheng,
Sheng,
Sheng,
Sheng,
Sheng,
Sheng,
Sheng,
Sheng,
Sheng,
Sheng,
Sheng,
Sheng,
Sheng,
Sheng,
Sheng,
Sheng,
Sheng,
Sheng,
Sheng,
Sheng,
Sheng,
Sheng,
Sheng,
Sheng,
Sheng,
Sheng,
Sheng,
Sheng,
Sheng,
Sheng,
Sheng,
Sheng,
Sheng,
Sheng,
Sheng,
Sheng,
Sheng,
Sheng,
Sheng,
Sheng,
Sheng,
Sheng,
Sheng,
Sheng,
Sheng,
Sheng,
Sheng,
Sheng,
Sheng,
Sheng,
Sheng,
Sheng,
Sheng,
Sheng,
Sheng,
Sheng,
Sheng,
Sheng,
Sheng,
Sheng,
Sheng,
Sheng,
Sheng,
Sheng,
Sheng,
Sheng,
Sheng,
Sheng,
Sheng,
Sheng,
Sheng,
Sheng,
Sheng,
Sheng,
Sheng,
Sheng,
Sheng,
Sheng,
Sheng,
Sheng,
Sheng,
Sheng,
Sheng,
Sheng,
Sheng,
Sheng,
Sheng,
Sheng,
Sheng,
Sheng,
Sheng,
Sheng,
Sheng,
Sheng,
Sheng,
Sheng,
Sheng,
Sheng,
Sheng,
Sheng,
Sheng,
Sheng,
Sheng,
Sheng,
Sheng,
Sheng,
Sheng,
Sheng,
Sheng,
Sheng,
Sheng,
Sheng,
Sheng,
Sheng,
Sheng,
Sheng,
Sheng,
Sheng,
Sheng,
Sheng,
Sheng,
Sheng,
Sheng,
Sheng,
Sheng,
Sheng,
Sheng,
Sheng,
Sheng,
Sheng,
Sheng,
Sheng,
Sheng,
Sheng,
Sheng,
Sheng,
Sheng,
Sheng,
Sheng,
Sheng,
Sheng,
Sheng,
Sheng,
Sheng,
Sheng,
Sheng,
Sheng,
Sheng,
Sheng,
Sheng,
Sheng,
Sheng,
Sheng,
Sheng,
Sheng,
Sheng,
Sheng,
Sheng,
Sheng,
Sheng,
Sheng,
Sheng,
Sheng,
Sheng,
Sheng,
Sheng,
Sheng,
Sheng,
Sheng,
Sheng,
Sheng,
Sheng,
Sheng,
Sheng,
Sheng,
Sheng,
Sheng,
Sheng,
Sheng,
Sheng,
Sheng,
Sheng,
Sheng,
Sheng,
Sheng,
Sheng,
Sheng,
Sheng,
Sheng,
Sheng,
Sheng,
Sheng,
Sheng,
Sheng,
Sheng,
Sheng,
Sheng,
Sheng,
Sheng,
Sheng,
Sheng,
Sheng,
Sheng,
Sheng,
Sheng,
Sheng,
Sheng,
Sheng,
Sheng,
Sheng,
Sheng,
Sheng,
Sheng,